{
  "packet": {
    "frame_id": 7402,
    "pts": 244.266,
    "overlay_frame_id": 7400,
    "player_boxes": {
      "1": [
        960.4177856445312,
        228.9739990234375,
        1000.239013671875,
        352.574462890625
      ],
      "2": [
        815.76806640625,
        565.2473754882812,
        908.805908203125,
        722.0973510742188
      ]
    },
    "ball_box": [
      665.6976318359375,
      880.853515625,
      686.8878173828125,
      902.8489990234375
    ],
    "court_keypoints": [
      649.115966796875,
      256.4400939941406,
      1250.19384765625,
      256.2806396484375,
      346.9263610839844,
      834.7068481445312,
      1569.3387451171875,
      833.5767211914062,
      724.4509887695312,
      256.3956604003906,
      500.52191162109375,
      834.6173706054688,
      1174.697998046875,
      256.3409118652344,
      1416.6082763671875,
      833.6563720703125,
      695.8410034179688,
      331.1734619140625,
      1205.9310302734375,
      331.0576477050781,
      585.7545166015625,
      616.4837036132812,
      1325.433349609375,
      615.878662109375,
      950.527587890625,
      331.1022644042969,
      955.6229858398438,
      616.1665649414062
    ],
    "player_mini_court": {
      "1": [
        1747,
        218
      ],
      "2": [
        1734,
        374
      ]
    },
    "ball_mini_court": {
      "1": [
        1713,
        445
      ]
    },
    "stats_row": {
      "player_1_number_of_shots": 27,
      "player_1_total_shot_speed": 2611.2270483973202,
      "player_1_last_shot_speed": 4.247561162453375,
      "player_1_total_player_speed": 19078.82680509448,
      "player_1_last_player_speed": 2.6863935548458,
      "player_1_total_distance_run": 551.9761600579645,
      "player_1_last_distance_run": 0.07387582275825169,
      "player_1_total_calories_burned": 44.604089541964626,
      "player_1_last_calories_burned": 0.005969757485448803,
      "player_2_number_of_shots": 33,
      "player_2_total_shot_speed": 4596.502411819004,
      "player_2_last_shot_speed": 79.80442887186022,
      "player_2_total_player_speed": 32213.229239557815,
      "player_2_last_player_speed": 17.51314332407163,
      "player_2_total_distance_run": 918.596257831943,
      "player_2_last_distance_run": 0.481611441411919,
      "player_2_total_calories_burned": 78.03658929533965,
      "player_2_last_calories_burned": 0.04091385517082534,
      "ball_speed_kmh": 93.38840632347441
    },
    "quality_level": "balanced",
    "status": "ok",
    "debug": {
      "processing_ms": 73.12,
      "selected_players": 2,
      "court_points": 14,
      "player_ms": 44.93,
      "ball_ms": 28.13
    }
  },
  "metrics": {
    "frames_in": 7410,
    "frames_processed": 4100,
    "frames_out": 4100,
    "frames_dropped": 3302,
    "analysis_runs": 2379,
    "analysis_skips": 1721,
    "queue_max_size": 8,
    "last_processing_ms": 87.18,
    "avg_processing_ms": 58.3,
    "last_analysis_ms": 73.14,
    "avg_analysis_ms": 43.88,
    "last_raw_encode_ms": 11.92,
    "avg_raw_encode_ms": 11.05,
    "last_sei_inject_ms": 1.29,
    "avg_sei_inject_ms": 2.56,
    "last_status_write_ms": 0.7,
    "avg_status_write_ms": 0.7,
    "uptime_seconds": 244.51,
    "output_fps": 11.31,
    "status": "starting",
    "last_error": ""
  }
}