{
  "packet": {
    "frame_id": 2785,
    "pts": 111.4,
    "overlay_frame_id": 2783,
    "player_boxes": {
      "1": [
        228.6939697265625,
        727.8408203125,
        347.34967041015625,
        915.3804931640625
      ],
      "2": [
        1078.7802734375,
        135.7515106201172,
        1141.376953125,
        242.46742248535156
      ]
    },
    "ball_box": [
      1057.5,
      285.0,
      1075.5,
      306.75
    ],
    "ball_trail": [
      [
        1066.5,
        231.0
      ],
      [
        982.5,
        336.5625
      ],
      [
        882.0,
        522.75
      ],
      [
        825.0,
        645.0
      ],
      [
        783.75,
        642.375
      ],
      [
        693.0,
        687.0
      ],
      [
        644.25,
        744.0
      ],
      [
        615.75,
        790.5
      ],
      [
        784.5,
        566.25
      ],
      [
        905.25,
        427.875
      ],
      [
        997.5,
        342.75
      ],
      [
        1066.5,
        295.875
      ]
    ],
    "shot_event": null,
    "court_keypoints": [
      624.2070922851562,
      266.8323669433594,
      1410.2574462890625,
      267.9837646484375,
      261.9154357910156,
      885.59228515625,
      1761.310791015625,
      894.6954345703125,
      722.6117553710938,
      267.00872802734375,
      447.5119323730469,
      886.5996704101562,
      1311.0408935546875,
      267.8890075683594,
      1571.54736328125,
      893.5020751953125,
      685.5848388671875,
      351.57305908203125,
      1346.0526123046875,
      353.1890869140625,
      546.5305786132812,
      660.8934936523438,
      1472.6549072265625,
      665.4398193359375,
      1014.604248046875,
      352.32470703125,
      1007.2848510742188,
      663.1942138671875
    ],
    "player_mini_court": {
      "1": [
        1671,
        455
      ],
      "2": [
        1761,
        172
      ]
    },
    "ball_mini_court": {
      "1": [
        1756,
        194
      ]
    },
    "stats_row": {
      "player_1_number_of_shots": 13,
      "player_1_total_shot_speed": 428.1449419072881,
      "player_1_last_shot_speed": 82.03210745227936,
      "player_1_total_player_speed": 7173.9130539393245,
      "player_1_last_player_speed": 2.2162746827477293,
      "player_1_total_distance_run": 240.7202509233033,
      "player_1_last_distance_run": 0.07387582275825169,
      "player_1_total_calories_burned": 19.45212203661025,
      "player_1_last_calories_burned": 0.005969757485448803,
      "player_2_number_of_shots": 14,
      "player_2_total_shot_speed": 654.4290062920151,
      "player_2_last_shot_speed": 30.144594736646663,
      "player_2_total_player_speed": 6494.4223680381765,
      "player_2_last_player_speed": 3.504237959024953,
      "player_2_total_distance_run": 216.48074560127145,
      "player_2_last_distance_run": 0.11680793196748902,
      "player_2_total_calories_burned": 18.39047230031916,
      "player_2_last_calories_burned": 0.009923067436502127,
      "ball_speed_kmh": 33.207161785942034
    },
    "quality_level": "balanced",
    "status": "ok",
    "debug": {
      "processing_ms": 61.36,
      "selected_players": 2,
      "normalized_players": 2,
      "court_points": 14,
      "court_ms": 19.76,
      "player_reused": false,
      "player_ms": 22.65,
      "ball_ms": 18.87
    }
  },
  "metrics": {
    "frames_in": 2787,
    "frames_processed": 2701,
    "frames_out": 2701,
    "frames_dropped": 84,
    "analysis_runs": 902,
    "analysis_skips": 1799,
    "queue_max_size": 8,
    "last_processing_ms": 33.96,
    "avg_processing_ms": 32.72,
    "last_analysis_ms": 0.01,
    "avg_analysis_ms": 18.19,
    "last_raw_encode_ms": 11.26,
    "avg_raw_encode_ms": 11.09,
    "last_sei_inject_ms": 21.55,
    "avg_sei_inject_ms": 2.55,
    "last_status_write_ms": 0.86,
    "avg_status_write_ms": 0.76,
    "uptime_seconds": 111.44,
    "output_fps": 27.79,
    "status": "starting",
    "last_error": ""
  }
}