{
  "packet": {
    "frame_id": 1401072,
    "pts": 56042.88,
    "overlay_frame_id": 1401071,
    "player_boxes": {
      "1": [
        595.3888549804688,
        122.38837432861328,
        659.101318359375,
        191.35418701171875
      ],
      "2": [
        457.96014404296875,
        494.7560119628906,
        540.5861206054688,
        619.1522827148438
      ]
    },
    "ball_box": [
      626.0,
      215.125,
      638.0,
      227.625
    ],
    "ball_trail": [
      [
        501.0,
        217.0
      ],
      [
        494.5,
        323.5
      ],
      [
        492.0,
        400.5
      ],
      [
        487.0,
        496.5
      ],
      [
        484.0,
        543.0
      ],
      [
        532.0,
        372.5
      ],
      [
        556.0,
        308.0
      ],
      [
        597.0,
        238.5
      ],
      [
        615.0,
        225.0
      ],
      [
        632.0,
        221.375
      ]
    ],
    "shot_event": null,
    "court_keypoints": [
      407.38226318359375,
      208.42010498046875,
      891.3433227539062,
      208.76564025878906,
      209.4631805419922,
      545.571533203125,
      1090.410400390625,
      548.1144409179688,
      467.92022705078125,
      208.45407104492188,
      319.3547668457031,
      545.8522338867188,
      830.60888671875,
      208.70208740234375,
      979.495361328125,
      547.75537109375,
      447.3236083984375,
      256.4825134277344,
      851.217041015625,
      256.8332214355469,
      373.9644470214844,
      426.11834716796875,
      926.3988647460938,
      427.3269958496094,
      648.7721557617188,
      256.6701354980469,
      649.30419921875,
      426.73883056640625
    ],
    "player_mini_court": {
      "1": [
        1102,
        190
      ],
      "2": [
        1081,
        461
      ]
    },
    "ball_mini_court": {
      "1": [
        1103,
        209
      ]
    },
    "stats_row": {
      "player_1_number_of_shots": 8717,
      "player_1_total_shot_speed": 405109.32715728326,
      "player_1_last_shot_speed": 12.922991060582413,
      "player_1_total_player_speed": 3688917.434000904,
      "player_1_last_player_speed": 4.701428571611011,
      "player_1_total_distance_run": 122963.9144661856,
      "player_1_last_distance_run": 0.15671428571428572,
      "player_1_total_calories_burned": 9936.468000210025,
      "player_1_last_calories_burned": 0.012663768,
      "player_2_number_of_shots": 7486,
      "player_2_total_shot_speed": 348627.62108958454,
      "player_2_last_shot_speed": 20.908293540038745,
      "player_2_total_player_speed": 3309907.268540563,
      "player_2_last_player_speed": 0.0,
      "player_2_total_distance_run": 110330.24228444138,
      "player_2_last_distance_run": 0.0,
      "player_2_total_calories_burned": 9372.774742568206,
      "player_2_last_calories_burned": 0.0,
      "ball_speed_kmh": 6.648824048500659
    },
    "quality_level": "full",
    "status": "ok",
    "debug": {
      "processing_ms": 47.05,
      "selected_players": 2,
      "normalized_players": 2,
      "court_points": 14,
      "player_reused": false,
      "player_ms": 25.83,
      "ball_ms": 21.14
    }
  },
  "metrics": {
    "frames_in": 1401073,
    "frames_processed": 1400944,
    "frames_out": 1400944,
    "frames_dropped": 128,
    "analysis_runs": 466984,
    "analysis_skips": 933960,
    "queue_max_size": 8,
    "last_processing_ms": 55.59,
    "avg_processing_ms": 29.23,
    "last_analysis_ms": 47.07,
    "avg_analysis_ms": 17.74,
    "last_raw_encode_ms": 5.96,
    "avg_raw_encode_ms": 7.71,
    "last_sei_inject_ms": 1.54,
    "avg_sei_inject_ms": 2.75,
    "last_status_write_ms": 0.9,
    "avg_status_write_ms": 0.88,
    "uptime_seconds": 56042.9,
    "output_fps": 11.52,
    "status": "starting",
    "last_error": ""
  }
}