{
  "packet": {
    "frame_id": 82,
    "pts": 2.736067,
    "overlay_frame_id": 82,
    "player_boxes": {
      "1": [
        984.666259765625,
        139.7320556640625,
        1020.021240234375,
        251.00311279296875
      ],
      "2": [
        444.0093994140625,
        238.04615783691406,
        495.0806579589844,
        325.5053405761719
      ]
    },
    "ball_box": null,
    "court_keypoints": [
      676.9656372070312,
      250.94390869140625,
      1227.2174072265625,
      251.13388061523438,
      400.5018005371094,
      778.6943969726562,
      1507.1129150390625,
      779.1600341796875,
      746.1516723632812,
      250.9109344482422,
      539.0432739257812,
      778.7011108398438,
      1158.22216796875,
      251.1097869873047,
      1368.52783203125,
      779.1214599609375,
      719.1845703125,
      319.65618896484375,
      1185.5567626953125,
      319.88348388671875,
      618.2738037109375,
      580.099365234375,
      1290.0943603515625,
      580.3741455078125,
      952.333740234375,
      319.6641540527344,
      953.749267578125,
      580.250244140625
    ],
    "player_mini_court": {
      "1": [
        1749,
        175
      ],
      "2": [
        1691,
        207
      ]
    },
    "ball_mini_court": {},
    "stats_row": {
      "player_1_number_of_shots": 0,
      "player_1_total_shot_speed": 0.0,
      "player_1_last_shot_speed": 0.0,
      "player_1_total_player_speed": 9.819388801923713,
      "player_1_last_player_speed": 0.0,
      "player_1_total_distance_run": 0.3350662989487279,
      "player_1_last_distance_run": 0.0,
      "player_1_total_calories_burned": 0.027076037485448803,
      "player_1_last_calories_burned": 0.0,
      "player_2_number_of_shots": 0,
      "player_2_total_shot_speed": 0.0,
      "player_2_last_shot_speed": 0.0,
      "player_2_total_player_speed": 1.8786927358355916,
      "player_2_last_player_speed": 0.0,
      "player_2_total_distance_run": 0.05223809523809524,
      "player_2_last_distance_run": 0.0,
      "player_2_total_calories_burned": 0.004437730666666667,
      "player_2_last_calories_burned": 0.0,
      "ball_speed_kmh": 0.0
    },
    "quality_level": "balanced",
    "status": "ok",
    "debug": {
      "processing_ms": 54.15,
      "selected_players": 2,
      "court_points": 14,
      "player_ms": 37.25,
      "ball_ms": 16.85
    }
  },
  "metrics": {
    "frames_in": 92,
    "frames_processed": 29,
    "frames_out": 29,
    "frames_dropped": 54,
    "analysis_runs": 12,
    "analysis_skips": 17,
    "queue_max_size": 8,
    "last_processing_ms": 12.08,
    "avg_processing_ms": 99.94,
    "last_analysis_ms": 0.0,
    "avg_analysis_ms": 85.74,
    "last_raw_encode_ms": 10.47,
    "avg_raw_encode_ms": 10.9,
    "last_sei_inject_ms": 1.01,
    "avg_sei_inject_ms": 2.73,
    "last_status_write_ms": 0.49,
    "avg_status_write_ms": 0.45,
    "uptime_seconds": 3.04,
    "output_fps": 76.51,
    "status": "starting",
    "last_error": ""
  }
}