{
  "packet": {
    "frame_id": 18730,
    "pts": 618.09,
    "overlay_frame_id": 18728,
    "player_boxes": {
      "1": [
        1089.6497802734375,
        62.25728225708008,
        1122.8502197265625,
        134.7914581298828
      ],
      "2": [
        488.262451171875,
        354.8692626953125,
        562.2337036132812,
        547.5504150390625
      ]
    },
    "ball_box": null,
    "ball_trail": [],
    "shot_event": null,
    "court_keypoints": [
      630.369140625,
      169.31399536132812,
      1287.2554931640625,
      169.13368225097656,
      144.88633728027344,
      836.6328735351562,
      1825.207275390625,
      834.5150756835938,
      712.1873168945312,
      169.32859802246094,
      356.2725830078125,
      836.1458740234375,
      1204.615966796875,
      169.06394958496094,
      1615.680419921875,
      834.7490844726562,
      674.1512451171875,
      240.14205932617188,
      1250.829345703125,
      239.64842224121094,
      506.88055419921875,
      553.185546875,
      1444.7420654296875,
      552.19091796875,
      961.3269653320312,
      240.06661987304688,
      976.2014770507812,
      552.5951538085938
    ],
    "player_mini_court": {
      "1": [
        1760,
        126
      ],
      "2": [
        1697,
        300
      ]
    },
    "ball_mini_court": {},
    "stats_row": {
      "player_1_number_of_shots": 41,
      "player_1_total_shot_speed": 1343.8741953493188,
      "player_1_last_shot_speed": 18.995670995662095,
      "player_1_total_player_speed": 9746.198303407919,
      "player_1_last_player_speed": 0.0,
      "player_1_total_distance_run": 268.0204533437193,
      "player_1_last_distance_run": 0.0,
      "player_1_total_calories_burned": 21.658196793799462,
      "player_1_last_calories_burned": 0.0,
      "player_2_number_of_shots": 64,
      "player_2_total_shot_speed": 3676.0302990834975,
      "player_2_last_shot_speed": 55.120187314378455,
      "player_2_total_player_speed": 11717.744659331462,
      "player_2_last_player_speed": 0.0,
      "player_2_total_distance_run": 322.2379781316151,
      "player_2_last_distance_run": 0.0,
      "player_2_total_calories_burned": 27.37476071823701,
      "player_2_last_calories_burned": 0.0,
      "ball_speed_kmh": 0.0
    },
    "quality_level": "full",
    "status": "ok",
    "debug": {
      "processing_ms": 28.72,
      "selected_players": 2,
      "normalized_players": 2,
      "court_points": 14,
      "player_reused": false,
      "player_ms": 14.33,
      "ball_detector": "yolo",
      "ball_ms": 14.15
    },
    "tactical": {
      "rally_stats": {
        "total_rallies": 89,
        "max_rally_length": 4,
        "avg_rally_length": 1.2,
        "wins_by_player": {
          "2": 57,
          "1": 32
        },
        "current_rally_length": 0,
        "current_rally_shots_by_player": {}
      },
      "shot_distribution": {
        "2": {
          "serve": 13,
          "backhand": 7,
          "forehand": 23,
          "volley": 21,
          "total": 64
        },
        "1": {
          "backhand": 19,
          "forehand": 14,
          "serve": 8,
          "total": 41
        }
      },
      "landing_zones": {
        "1": {
          "mid_forehand": 8,
          "deep_forehand": 33,
          "net_forehand": 23,
          "total": 64
        },
        "2": {
          "deep_forehand": 39,
          "net_forehand": 1,
          "mid_forehand": 1,
          "total": 41
        }
      },
      "speed_by_shot_type": {
        "2": {
          "serve": {
            "avg": 42.6,
            "max": 137.3,
            "count": 13
          },
          "backhand": {
            "avg": 49.4,
            "max": 97.8,
            "count": 7
          },
          "forehand": {
            "avg": 74.6,
            "max": 341.0,
            "count": 23
          },
          "volley": {
            "avg": 44.4,
            "max": 123.7,
            "count": 21
          }
        },
        "1": {
          "backhand": {
            "avg": 41.8,
            "max": 164.4,
            "count": 19
          },
          "forehand": {
            "avg": 25.4,
            "max": 110.2,
            "count": 14
          },
          "serve": {
            "avg": 19.4,
            "max": 50.7,
            "count": 8
          }
        }
      },
      "net_approach": {
        "2": {
          "attempts": 33,
          "wins": 0,
          "win_rate": 0.0
        }
      },
      "player_heatmap": {
        "1": {
          "grid": [
            [
              0,
              0,
              0,
              0,
              0,
              0,
              0,
              0,
              0,
              0
            ],
            [
              0,
              0,
              0,
              0,
              0,
              0,
              0,
              0,
              952,
              5261
            ],
            [
              0,
              0,
              0,
              0,
              0,
              0,
              0,
              0,
              0,
              0
            ],
            [
              0,
              0,
              0,
              0,
              0,
              0,
              0,
              0,
              0,
              0
            ],
            [
              0,
              0,
              0,
              0,
              0,
              0,
              0,
              0,
              0,
              0
            ],
            [
              0,
              0,
              0,
              0,
              0,
              0,
              0,
              0,
              0,
              0
            ],
            [
              0,
              0,
              0,
              0,
              0,
              0,
              0,
              0,
              0,
              0
            ],
            [
              0,
              0,
              0,
              0,
              0,
              0,
              0,
              0,
              0,
              0
            ],
            [
              0,
              0,
              0,
              0,
              0,
              0,
              0,
              0,
              0,
              0
            ],
            [
              0,
              0,
              0,
              0,
              0,
              0,
              0,
              0,
              0,
              0
            ]
          ],
          "max": 5261,
          "size": 10
        },