{
  "packet": {
    "frame_id": 131863,
    "pts": 5274.52,
    "overlay_frame_id": 131862,
    "player_boxes": {
      "1": [
        542.7818603515625,
        120.46791076660156,
        598.5261840820312,
        184.69158935546875
      ],
      "2": [
        458.12811279296875,
        494.9237976074219,
        540.6220703125,
        618.9901733398438
      ]
    },
    "ball_box": [
      547.5,
      299.5,
      563.5,
      316.5
    ],
    "ball_trail": [
      [
        501.25,
        217.0
      ],
      [
        494.5,
        323.5
      ],
      [
        492.0,
        400.75
      ],
      [
        487.0,
        496.125
      ],
      [
        484.25,
        543.0
      ],
      [
        532.0,
        372.5
      ],
      [
        555.5,
        308.0
      ]
    ],
    "shot_event": null,
    "court_keypoints": [
      407.87921142578125,
      208.49227905273438,
      890.8300170898438,
      208.8345489501953,
      209.3737335205078,
      545.660400390625,
      1090.5452880859375,
      548.1769409179688,
      468.2945251464844,
      208.5265655517578,
      319.3001708984375,
      545.9375610351562,
      830.2222900390625,
      208.77162170410156,
      979.6074829101562,
      547.820556640625,
      447.6859436035156,
      256.45697021484375,
      850.8580932617188,
      256.8056945800781,
      374.15130615234375,
      426.0099792480469,
      926.2451171875,
      427.209716796875,
      648.7741088867188,
      256.64288330078125,
      649.3278198242188,
      426.6252136230469
    ],
    "player_mini_court": {
      "1": [
        1093,
        186
      ],
      "2": [
        1081,
        461
      ]
    },
    "ball_mini_court": {
      "1": [
        1091,
        264
      ]
    },
    "stats_row": {
      "player_1_number_of_shots": 736,
      "player_1_total_shot_speed": 27429.835061173322,
      "player_1_last_shot_speed": 12.92299106087625,
      "player_1_total_player_speed": 332851.10246339045,
      "player_1_last_player_speed": 6.268571428577131,
      "player_1_total_distance_run": 11111.25730632003,
      "player_1_last_distance_run": 0.20895238095238097,
      "player_1_total_calories_burned": 897.8784804092027,
      "player_1_last_calories_burned": 0.016885024000000002,
      "player_2_number_of_shots": 651,
      "player_2_total_shot_speed": 25246.0956067544,
      "player_2_last_shot_speed": 44.131143545299025,
      "player_2_total_player_speed": 339948.6493489127,
      "player_2_last_player_speed": 0.0,
      "player_2_total_distance_run": 11343.14540199996,
      "player_2_last_distance_run": 0.0,
      "player_2_total_calories_burned": 963.6228881907556,
      "player_2_last_calories_burned": 0.0,
      "ball_speed_kmh": 0.0
    },
    "quality_level": "balanced",
    "status": "ok",
    "debug": {
      "processing_ms": 79.01,
      "selected_players": 2,
      "normalized_players": 2,
      "court_points": 14,
      "player_reused": false,
      "player_ms": 36.24,
      "ball_detector": "yolo",
      "ball_ms": 41.59
    },
    "tactical": {
      "rally_stats": {
        "total_rallies": 1018,
        "max_rally_length": 5,
        "avg_rally_length": 1.4,
        "wins_by_player": {
          "1": 525,
          "2": 493
        },
        "current_rally_length": 1,
        "current_rally_shots_by_player": {
          "1": 1
        }
      },
      "shot_distribution": {
        "1": {
          "serve": 85,
          "backhand": 276,
          "forehand": 289,
          "volley": 86,
          "total": 736
        },
        "2": {
          "forehand": 299,
          "volley": 63,
          "backhand": 243,
          "serve": 46,
          "total": 651
        }
      },
      "landing_zones": {
        "2": {
          "mid_forehand": 213,
          "deep_forehand": 301,
          "net_forehand": 222,
          "total": 736
        },
        "1": {
          "net_forehand": 180,
          "deep_forehand": 355,
          "mid_forehand": 116,
          "total": 651
        }
      },
      "speed_by_shot_type": {
        "1": {
          "serve": {
            "avg": 62.2,
            "max": 108.2,
            "count": 85
          },
          "backhand": {
            "avg": 28.5,
            "max": 237.2,
            "count": 276
          },
          "forehand": {
            "avg": 33.8,
            "max": 89.4,
            "count": 289
          },
          "volley": {
            "avg": 37.9,
            "max": 237.2,
            "count": 86
          }
        },
        "2": {
          "forehand": {
            "avg": 32.6,
            "max": 89.4,
            "count": 299
          },
          "volley": {
            "avg": 47.4,
            "max": 237.2,
            "count": 63
          },
          "backhand": {
            "avg": 29.3,
            "max": 237.2,
            "count": 243
          },
          "serve": {
            "avg": 62.0,
            "max": 96.6,
            "count": 46
          }
        }
      },
      "net_approach": {
        "2": {
          "attempts": 560,
          "wins": 0,
          "win_rate": 0.0
        },
        "1": {
          "attempts": 515,
          "wins": 0,
          "win_rate": 0.0
        }
      },
      "player_heatmap": {
        "1": {
          "grid": [
            [
              0,
              0,
              0,
              0,
              0,
              0,
              0,
              0,
              0,
              0
            ],
            [
              0,
              0,
              0,
              0,
              0,
              0,
              0,
              0,
              942,
              0
            ],
            [
              0,
              0,
              0,
              0,
              0,
              0,
              0,
              0,
              15040,
              1383
            ],
            [
              0,
              0,
              0,
              0,
              0,
              0,
              0,
              0,
              9039,
              860
            ],
            [
              0,
              0,
              0,
              0,
              0,
              0,
              0,
              6,
              2071,
              124
            ],
            [
              0,
              0,
              0,
              0,
              0,
              0,
              0,
              0,
              1785,
              0
            ],
            [
              0,
              0,
              0,
              0,
              0,
              0,
              0,
              0,
              10854,
              352
            ],
            [
              0,
              0,
              0,
              0,
              0,
              0,
              0,
              45,
              19,
              0
            ],
            [
              0,
              0,
              0,
              0,
              0,
              0,
              0,
              0,
              0,
              0
            ],
            [
              0,
              0,
              0,
              0,
              0,
              0,
              0,
              0,
              0,
              0
            ]
          ],
          "max": 15040,
          "size": 10
        },