{
  "packet": {
    "frame_id": 8821,
    "pts": 352.84,
    "overlay_frame_id": 8819,
    "player_boxes": {
      "1": [
        993.498779296875,
        602.7779541015625,
        1084.2669677734375,
        828.9786987304688
      ]
    },
    "ball_box": [
      883.5,
      232.125,
      901.5,
      247.125
    ],
    "ball_trail": [
      [
        750.75,
        378.75
      ],
      [
        822.0,
        211.875
      ],
      [
        749.25,
        218.25
      ],
      [
        615.0,
        570.75
      ],
      [
        558.375,
        691.5
      ],
      [
        737.625,
        528.375
      ],
      [
        867.0,
        454.5
      ],
      [
        1338.0,
        269.625
      ],
      [
        1359.75,
        753.0
      ],
      [
        1123.5,
        489.0
      ],
      [
        921.0,
        344.625
      ],
      [
        876.0,
        342.9375
      ],
      [
        777.0,
        215.625
      ],
      [
        892.5,
        239.625
      ]
    ],
    "shot_event": null,
    "court_keypoints": [
      552.399169921875,
      280.5350036621094,
      1349.4449462890625,
      279.9190368652344,
      207.11984252929688,
      843.9662475585938,
      1725.9039306640625,
      842.5667724609375,
      651.7152709960938,
      280.5728759765625,
      398.37310791015625,
      843.7135009765625,
      1249.0958251953125,
      280.0670471191406,
      1536.0177001953125,
      842.6978759765625,
      618.7865600585938,
      357.8754577636719,
      1287.645751953125,
      357.2054138183594,
      495.4814758300781,
      638.4654541015625,
      1430.338134765625,
      637.6210327148438,
      952.1221923828125,
      357.4847106933594,
      962.9110717773438,
      638.0835571289062
    ],
    "player_mini_court": {
      "1": [
        1753,
        419
      ]
    },
    "ball_mini_court": {
      "1": [
        1737,
        170
      ]
    },
    "stats_row": {
      "player_1_number_of_shots": 80,
      "player_1_total_shot_speed": 7484.580340912213,
      "player_1_last_shot_speed": 6.461495530435064,
      "player_1_total_player_speed": 6822.843834973369,
      "player_1_last_player_speed": 7.83571428571399,
      "player_1_total_distance_run": 227.42812783243463,
      "player_1_last_distance_run": 0.2611904761904762,
      "player_1_total_calories_burned": 18.378012153883382,
      "player_1_last_calories_burned": 0.021106279999999998,
      "player_2_number_of_shots": 3,
      "player_2_total_shot_speed": 169.5679342241188,
      "player_2_last_shot_speed": 45.63588884880244,
      "player_2_total_player_speed": 899.9464969282076,
      "player_2_last_player_speed": 0.0,
      "player_2_total_distance_run": 29.998216564274024,
      "player_2_last_distance_run": 0.0,
      "player_2_total_calories_burned": 2.548408493568207,
      "player_2_last_calories_burned": 0.0,
      "ball_speed_kmh": 0.0
    },
    "quality_level": "full",
    "status": "ok",
    "debug": {
      "processing_ms": 46.5,
      "selected_players": 1,
      "normalized_players": 1,
      "court_points": 14,
      "player_reused": false,
      "player_ms": 26.1,
      "ball_ms": 20.33
    }
  },
  "metrics": {
    "frames_in": 8822,
    "frames_processed": 8685,
    "frames_out": 8685,
    "frames_dropped": 136,
    "analysis_runs": 2917,
    "analysis_skips": 5768,
    "queue_max_size": 8,
    "last_processing_ms": 10.38,
    "avg_processing_ms": 33.16,
    "last_analysis_ms": 0.0,
    "avg_analysis_ms": 18.37,
    "last_raw_encode_ms": 8.74,
    "avg_raw_encode_ms": 11.49,
    "last_sei_inject_ms": 1.09,
    "avg_sei_inject_ms": 2.49,
    "last_status_write_ms": 0.44,
    "avg_status_write_ms": 0.69,
    "uptime_seconds": 352.84,
    "output_fps": 88.66,
    "status": "starting",
    "last_error": ""
  }
}