{
  "packet": {
    "frame_id": 8112,
    "pts": 267.696,
    "overlay_frame_id": 8112,
    "player_boxes": {
      "1": [
        9.05622386932373,
        371.0003356933594,
        92.38288879394531,
        470.9393310546875
      ],
      "2": [
        406.84710693359375,
        250.05442810058594,
        475.5784606933594,
        341.1732482910156
      ]
    },
    "ball_box": [
      725.8399658203125,
      303.3340148925781,
      738.2144165039062,
      316.986083984375
    ],
    "court_keypoints": [
      655.0013427734375,
      267.2186584472656,
      1248.0634765625,
      267.21478271484375,
      363.6021423339844,
      824.853515625,
      1550.9998779296875,
      824.250244140625,
      729.3997802734375,
      267.2058410644531,
      512.608154296875,
      824.8280639648438,
      1173.6661376953125,
      267.2246398925781,
      1402.461669921875,
      824.2646484375,
      701.2943725585938,
      340.1324768066406,
      1203.432373046875,
      340.13934326171875,
      594.7326049804688,
      615.91015625,
      1317.029541015625,
      615.6045532226562,
      952.0745849609375,
      340.1150817871094,
      955.6883544921875,
      615.7719116210938
    ],
    "player_mini_court": {
      "1": [
        1645,
        268
      ],
      "2": [
        1688,
        213
      ]
    },
    "ball_mini_court": {
      "1": [
        1720,
        200
      ]
    },
    "stats_row": {
      "player_1_number_of_shots": 30,
      "player_1_total_shot_speed": 3332.632968977093,
      "player_1_last_shot_speed": 31.443430401561407,
      "player_1_total_player_speed": 80288.23552338342,
      "player_1_last_player_speed": 0.0,
      "player_1_total_distance_run": 2436.620803974138,
      "player_1_last_distance_run": 0.0,
      "player_1_total_calories_burned": 196.89845392754017,
      "player_1_last_calories_burned": 0.0,
      "player_2_number_of_shots": 46,
      "player_2_total_shot_speed": 3612.706995209704,
      "player_2_last_shot_speed": 10.22948189338039,
      "player_2_total_player_speed": 104796.05091060349,
      "player_2_last_player_speed": 0.0,
      "player_2_total_distance_run": 3124.569699185126,
      "player_2_last_distance_run": 0.0,
      "player_2_total_calories_burned": 265.4384450851755,
      "player_2_last_calories_burned": 0.0,
      "ball_speed_kmh": 0.0
    },
    "quality_level": "balanced",
    "status": "ok",
    "debug": {
      "processing_ms": 75.41
    }
  },
  "metrics": {
    "frames_in": 8122,
    "frames_processed": 2947,
    "frames_out": 2947,
    "frames_dropped": 5168,
    "analysis_runs": 2527,
    "analysis_skips": 420,
    "queue_max_size": 8,
    "last_processing_ms": 75.45,
    "avg_processing_ms": 64.88,
    "uptime_seconds": 268.03,
    "output_fps": 10.43,
    "status": "starting",
    "last_error": ""
  }
}